{
 "walls": [
  { "x0": 3, "y0": 1, "x1": 3, "y1": -1 },
  { "x0": -2, "y0": -2, "x1": 2, "y1": -2 }
 ],
 "camera_x": 0,
 "camera_y": 0,
 "angles": [
  0,
  0.7853981633974483,
  1.5707963267948966,
  3.141592653589793,
  3.9269908169872414,
  4.71238898038469
 ]
}
