{
 "walls": [
  { "x1": 0, "y1": -4, "x0": 4, "y0": 0 },
  { "x1": 0, "y1": 0, "x0": -9, "y0": 4 },
  { "x1": 0, "y1": -10, "x0": -4, "y0": -1 }
 ],
 "camera_x": -2,
 "camera_y": -1.5,
 "angles": [
  0,
  0.7853981633974483,
  1.5707963267948966,
  3.141592653589793,
  3.9269908169872414,
  4.71238898038469
 ]
}
